{"accuracy_score": 0.46153846153846156, "roc_auc_score": 0.46535852713178294}